{
  "model": "MLP",
  "phase": "1",
  "accuracy": 0.749379652605459,
  "f1": 0.7612293144208038,
  "precision": 0.6625514403292181,
  "recall": 0.8944444444444445,
  "roc_auc": 0.8870951669157947,
  "pr_auc": 0.8871969124827677,
  "y_pred": [
    1,
    0,
    0,
    1,
    1,
    1,
    1,
    1,
    1,
    0,
    0,
    1,
    0,
    0,
    1,
    0,
    1,
    1,
    1,
    0,
    1,
    0,
    0,
    1,
    1,
    0,
    0,
    1,
    1,
    1,
    1,
    0,
    1,
    0,
    0,
    1,
    1,
    1,
    0,
    0,
    0,
    1,
    1,
    0,
    0,
    1,
    0,
    0,
    1,
    1,
    0,
    1,
    1,
    1,
    1,
    1,
    1,
    0,
    0,
    1,
    1,
    1,
    1,
    0,
    1,
    1,
    0,
    1,
    0,
    0,
    1,
    0,
    1,
    1,
    1,
    1,
    0,
    1,
    1,
    1,
    1,
    1,
    0,
    1,
    0,
    1,
    1,
    1,
    1,
    1,
    1,
    1,
    0,
    1,
    0,
    1,
    1,
    1,
    1,
    0,
    1,
    1,
    0,
    1,
    1,
    1,
    0,
    0,
    0,
    1,
    0,
    1,
    0,
    1,
    1,
    0,
    0,
    1,
    1,
    0,
    1,
    0,
    0,
    0,
    1,
    1,
    1,
    1,
    1,
    1,
    1,
    1,
    0,
    1,
    1,
    1,
    0,
    0,
    1,
    1,
    1,
    1,
    1,
    1,
    0,
    1,
    0,
    1,
    1,
    1,
    0,
    0,
    1,
    1,
    1,
    1,
    1,
    0,
    0,
    1,
    1,
    1,
    0,
    1,
    1,
    0,
    1,
    0,
    1,
    0,
    1,
    0,
    0,
    0,
    1,
    1,
    0,
    0,
    1,
    1,
    0,
    0,
    1,
    0,
    0,
    0,
    0,
    1,
    1,
    1,
    1,
    1,
    0,
    0,
    1,
    0,
    0,
    1,
    1,
    0,
    1,
    1,
    1,
    1,
    0,
    1,
    0,
    1,
    0,
    1,
    0,
    1,
    1,
    1,
    1,
    0,
    1,
    0,
    0,
    1,
    1,
    1,
    1,
    1,
    0,
    0,
    1,
    1,
    0,
    1,
    1,
    1,
    1,
    1,
    0,
    1,
    1,
    0,
    1,
    1,
    1,
    1,
    1,
    0,
    1,
    0,
    1,
    1,
    1,
    1,
    0,
    0,
    1,
    1,
    1,
    1,
    0,
    1,
    1,
    1,
    1,
    0,
    0,
    1,
    1,
    0,
    0,
    0,
    1,
    1,
    0,
    1,
    0,
    1,
    0,
    1,
    0,
    0,
    1,
    0,
    1,
    1,
    1,
    0,
    1,
    0,
    0,
    0,
    1,
    1,
    1,
    1,
    1,
    1,
    1,
    1,
    0,
    1,
    1,
    0,
    1,
    1,
    0,
    0,
    1,
    1,
    1,
    0,
    1,
    1,
    1,
    1,
    0,
    0,
    1,
    1,
    0,
    0,
    0,
    1,
    0,
    0,
    1,
    1,
    1,
    1,
    0,
    1,
    0,
    1,
    0,
    0,
    1,
    0,
    0,
    0,
    0,
    0,
    0,
    1,
    1,
    1,
    1,
    1,
    0,
    0,
    0,
    0,
    1,
    0,
    1,
    1,
    0,
    0,
    1,
    1,
    1,
    0,
    1,
    0,
    0,
    0,
    1,
    1,
    0,
    1,
    1,
    1,
    1,
    0,
    0,
    1,
    0,
    1,
    1,
    1,
    0,
    0,
    1,
    0,
    1,
    1,
    0,
    0,
    0,
    1,
    1,
    1,
    0,
    0,
    0,
    1,
    0,
    1,
    0,
    0,
    1,
    0,
    1,
    1,
    0,
    1,
    1
  ],
  "y_test": [
    0,
    0,
    1,
    1,
    1,
    1,
    1,
    0,
    1,
    0,
    0,
    0,
    0,
    0,
    1,
    0,
    0,
    0,
    0,
    1,
    1,
    0,
    0,
    1,
    1,
    0,
    0,
    0,
    1,
    1,
    0,
    0,
    0,
    0,
    0,
    1,
    0,
    0,
    0,
    1,
    0,
    1,
    1,
    0,
    0,
    1,
    0,
    1,
    1,
    0,
    1,
    0,
    1,
    0,
    0,
    1,
    1,
    1,
    0,
    0,
    1,
    1,
    1,
    0,
    1,
    1,
    0,
    1,
    0,
    0,
    1,
    0,
    1,
    1,
    1,
    0,
    0,
    1,
    0,
    1,
    1,
    1,
    0,
    1,
    0,
    0,
    0,
    1,
    0,
    0,
    1,
    1,
    0,
    0,
    0,
    1,
    0,
    0,
    1,
    0,
    1,
    0,
    0,
    1,
    1,
    1,
    0,
    0,
    0,
    1,
    0,
    1,
    0,
    1,
    0,
    0,
    0,
    0,
    1,
    0,
    1,
    0,
    0,
    0,
    1,
    1,
    1,
    1,
    1,
    0,
    1,
    1,
    0,
    1,
    0,
    0,
    0,
    0,
    1,
    1,
    0,
    1,
    1,
    1,
    1,
    0,
    0,
    0,
    0,
    1,
    0,
    1,
    0,
    1,
    1,
    1,
    1,
    0,
    0,
    1,
    0,
    1,
    0,
    0,
    0,
    0,
    1,
    0,
    0,
    0,
    1,
    0,
    0,
    0,
    1,
    1,
    0,
    0,
    1,
    1,
    0,
    0,
    1,
    0,
    1,
    0,
    0,
    1,
    1,
    0,
    0,
    1,
    0,
    0,
    1,
    0,
    0,
    1,
    0,
    0,
    1,
    1,
    0,
    1,
    1,
    1,
    0,
    0,
    0,
    0,
    1,
    0,
    0,
    1,
    0,
    0,
    0,
    0,
    0,
    0,
    1,
    1,
    1,
    1,
    0,
    0,
    1,
    1,
    0,
    1,
    1,
    1,
    1,
    1,
    0,
    1,
    1,
    0,
    1,
    0,
    0,
    1,
    1,
    1,
    1,
    0,
    0,
    1,
    1,
    1,
    0,
    0,
    1,
    1,
    1,
    1,
    0,
    1,
    0,
    1,
    0,
    1,
    0,
    1,
    0,
    1,
    0,
    0,
    1,
    1,
    0,
    1,
    0,
    1,
    0,
    1,
    0,
    0,
    1,
    0,
    1,
    1,
    1,
    0,
    0,
    0,
    0,
    0,
    0,
    0,
    0,
    1,
    0,
    1,
    1,
    1,
    0,
    0,
    0,
    1,
    1,
    1,
    1,
    0,
    1,
    0,
    1,
    0,
    0,
    0,
    1,
    0,
    0,
    0,
    1,
    1,
    0,
    0,
    0,
    1,
    1,
    0,
    1,
    1,
    1,
    0,
    0,
    1,
    0,
    1,
    1,
    0,
    0,
    0,
    0,
    0,
    0,
    0,
    0,
    1,
    1,
    1,
    0,
    1,
    0,
    0,
    0,
    0,
    1,
    0,
    1,
    0,
    1,
    0,
    1,
    0,
    1,
    0,
    0,
    0,
    0,
    0,
    0,
    1,
    0,
    0,
    0,
    1,
    1,
    0,
    0,
    1,
    0,
    1,
    1,
    1,
    0,
    0,
    0,
    0,
    1,
    1,
    0,
    0,
    0,
    1,
    0,
    1,
    0,
    0,
    0,
    0,
    0,
    1,
    0,
    0,
    0,
    0,
    0,
    1,
    0,
    1,
    1
  ],
  "threshold": 0.325
}